expression;language
I want to hear some The Roches;en
Play Noctámbulo playlist;en
Play ep from Quasimoto from the nineties;en
Play top-twenty fourties movement music by Mohammad Reza Lotfi.;en
Play some nineties music on Zvooq;en
I want to hear some psychedelic rock;en
Play some eighties movement music;en
Play the newest music by Gladys Knight;en
Play some music by Mutlu;en
play a new soundtrack by Benjamin Darvill on Groove Shark;en
Play me a 1957 ep;en
Play some psychadelic music.;en
Play some music from Victor Kunonga.;en
Play nineties;en
Play some music from 1962 from Adeyto;en
Play my playlist TGIF on itunes;en
Play The Soft Parade.;en
play Deezer form 2010 tune by Dave Grohl;en
Play the Instrumental Study on Vimeo.;en
Play On My Own;en
Play music by Raheem Devaughn.;en
Play a top track by Janamanchi Seshadri Sarma;en
Play the most popular Johnny Clarke on Deezer.;en
Play my Still Got the Blues playlist.;en
play pop music with Groove Shark;en
Play Thelma Aoyama's latest concerto;en
I want to hear Sebastian's songs from the thirties on Youtube;en
I want to hear Major Harris's songs from the fifties;en
Play me a song by Dj Paul Elstak in 1988 on Zvooq;en
play Robert Stoddard from 1988;en
Play me a Patrick Cowley ballad;en
Play the most popular track from Valery Alexandrovich Kipelov;en
Play a song from 1973.;en
Play All The Way My Savior Leads Me on Spotify;en
PLpay the top ten track from Asia Nitollano on spotify.;en
Play a song from the seventies by Pepe Aguilar;en
Play me some music by Prince Alla from the twenties;en
Play a ballad by Owen Pallett from the seventies on Slacker.;en
play a chant by Marina Verenikina;en
Play any song from the eighties;en
Play the best chant of 1975;en
play the greatest james yorkston song;en
Play my Éxitos España playlist;en
play some Alte Kameraden music;en
play Christina Milian latest music;en
Play Socialism Is Good by terje bakken on Spotify.;en
play Lily, Rosemary And The Jack Of Hearts by Chris Goss;en
Play a 2014 theme from Greg Pattillo;en
play some papoose from 2003 on youtube;en
play the music track of 1998;en
Play jazz music by Zvooq;en
Play me a popular Ronnie Wood soundtrack;en
Play 2gether by Jade Puget;en
Play the most popular Coti songs on Pandora;en
Play a new song form the eighties;en
play Dick Marx;en
Play the track R U Professional by Roberto Carlos Braga;en
I'm looking for the last track by Fei Yu Ching from the fourties;en
Can you play some music on Youtube;en
play some Nastya Kamenskih on Zvooq;en
Use service Vimeo the genre slow rock;en
Play 25 To Life by Paul Riley on Deezer.;en
Play some music on Pandora;en
Play Salmonella Dub Dvd by mario rubalcaba on Vimeo ;en
play Going Down To The River on Pandora;en
Play music from Carina Round;en
Plya a tune by Kancherla Gopanna from 1951 on Zvooq;en
Play the last 1954 ep by Povel Ramel.;en
Open Lastfm and start playing whatever;en
play the Gary Chaw album;en
play Sivamani;en
play music by Bonobo;en
Let me listen to Rouhollah Khaleghi on deezer.;en
I want to hear Shooby Taylor's Tearing Up The Album Charts.;en
Please play Casino Boogie;en
Play some Rockwell from around 1996;en
Play some Mike Burney on Google Music.;en
Play some Drum & Bass;en
Play the track Goodbye Alexander, Goodbye Honey Boy from Ehsaan Noorani;en
Play some music on Vimeo;en
I want to hear popular music from Martin Lopez;en
play There Must Be More To Life Than This;en
Can you play a sound track from 1963?;en
Play me a nineties song by Joseph Genaro;en
Play Moondog's Chupacabra.;en
play Ebony Bones on Itunes;en
play drive playlist;en
Play my Electro Sur playlist. ;en
Play some Carmen Mcrae from Ed Robertson off of Itunes;en
play zvooq Southern Gothic;en
Can I hear Jeremy Taggart's newest chant on Deezer?;en
Can you play Deezer from 2007?;en
play 1990 tunes on Groove Shark;en
play some sixties music;en
Play the top-twenty from Tony Calder off Slacker.;en
I need to hear the song Aspro Mavro from Bill Szymczyk on Youtube;en
Play my Sophisticated Dinner playlist on Slacker;en
I want to hear a Gucci Mane song from Last Fm from 2002;en
Play the artist Joe;en
Play thirties music by Flex on Google Music;en
Play Les Pauvres Riches by Pan Mei Chen.;en
Play music on the playlist Urban Hits;en
Play the track Grow Old With Me by artist Chloe Rose Lattanzi;en
Can you play Under The Anheuser Bush by Pete Doherty;en
Play me a song from Luxury Liner;en
play some fourties Andrew Lloyd Webber on Groove Shark;en
I want to hear a Sandra ep;en
I want to hear secrets on parade from Tommy Walter;en
Play me some Badass Women on Groove Shark;en
play music from the twenties;en
play Hardcore music;en
play the last Rocko music with deezer;en
Please play some music from 1996;en
play a 2006 chant;en
Play Expresión from Mickey Finn;en
Play Wynton Kelly music on Netflix sort by popular;en
play Hanging Out and Relaxing;en
play music by Odd Nosdam;en
Play the most popular chant song by Hossein Alizadeh from around 2009;en
Play the album Jack Takes The Floor by Tom Lehrer on netflix;en
I want to listen to the album going back to the blue ridge mountains on iheart;en
Play Noche de chicas playlist;en
Play Jono El Grande from the thirties;en
Play 2006 chant music.;en
Play some 2011 chant music, new first, by Shaggy.;en
play some tango on iheart;en
Play the last song by Goldie;en
Start up my Independent Music Monday playlist.;en
play a track from 2004;en
Play music from my relentless playlist;en
Plkay some sixties movement songs from Itunes;en
play the top song from Damon Albarn using Slacker;en
Play Kk on Zvooq.;en
play James Moody ballad;en
Play music from 1976 on Deezer;en
Play a cohesive playlist for me;en
Lets hear some 2009 music;en
play chant music from 1993;en
I would like to hear music from 1993;en
play some best selling rave songs;en
play a Morton Downey record with Slacker;en
play music by Cass Elliot;en
Play a ballad by Heath;en
Play some James Cleveland.;en
Play a 2007 track from Adam Jones;en
Play Pledge by Markus Grosskopf;en
I want hear some Junior Murvin off of Youtube;en
Wish to hear music from the year 1996;en
play the song Shine A Light;en
Play  music from the thirties.;en
Play Hasan Saltik from 2004;en
Play Gloria on last fm;en
play Wait Until Tomorrow;en
play music by Helen Ward;en
Play the newest stuff by blowfly;en
play the newest ep from the sixties;en
Use Groove Shark to play music from the eighties;en
play Only Hope by Graham Bonnet;en
I want to hear a Silvia Night ep from the sixties;en
Play some Paulinho Da Viola from 1965.;en
Play The Way It Has To Be by Tom G Warrior on Zvooq;en
Play a new symphony by Perfecto De Castro on Lastfm;en
I want to hear Song For Adam;en
Please play Bitch Please Ii;en
play wendy james from the fifties;en
play some songs from the fourties by yoshiki fukuyama;en
play the top nineties melody by Gus G;en
play Escapada;en
Play a 2001 sound track on Deezer.;en
play some Bertine Zetlitz record;en
Play Supernaut by Armand Van Helden;en
Play me a seventies ep;en
Play some Google Music.;en
Play a melody by Adassa from the twenties;en
Play the newest twenties melody.;en
play music by Ryan Malcolm from Sympathy For The Devil on Pandora;en
Play Before I Grew Up To Love You by Wafah Dufour;en
I'd like to hear chant songs from nineties;en
Play something from 1985 by Billy Werner;en
Play the greatest from Win Stracke on Groove Shark.;en
Play the greatest music you can find by Ari Herstand on Zvooq;en
Play music on pandora;en
Play music from 2012 by Yossif Kobzon on last fm.;en
Play Yung Joc on slacker;en
Play Eve;en
Play me some seventies music with a good melody;en
play Pandora tunes from the fourties;en
Play movement music from 1954;en
Please open pandora for me;en
I want to hear Ding Dong Bell on groove shark;en
Play a song by Nash The Slash;en
Play Portsmouth by Paul Smith on Google Music.;en
Play the album Axum;en
play music by Francis Healy;en
Play a top fifty ballad by Linda Strawberry on Google Music;en
play Isham Jones;en
Play Sound Of Love from Papa Mali;en
play Punk Essentials on Zvooq;en
Play album from Maureen Mcgovern;en
Play a movement from the nineties;en
use Deezer to play music by Junior Brown;en
Play the album Cara De Dios.;en
Play some music from Roberto Carlos;en
Play In Every Dream Home A Heartache by vincent paul abbott ;en
Play a new song from 1976.;en
play some Folk tunes;en
I want to hear La Jaula De Oro by Mc Ren on Google Music.;en
I'd like to hear Infinite Indie Folk on Slacker. ;en
Play Someday Soon by fiona;en
Play me a song from the sixties;en
Play the most popular soundtrack by Elena Paparizou on youtube;en
play Vivian Stanshall from 1962;en
Play Igor Nikolayev music from the fourties;en
Play some salsa music.;en
play some seventies Dj Colette;en
Can you play fifties theme music by Mohsen Chavoshi;en
play the It Could Only Happen With You album by Lawrence;en
Play Regulate…g Funk Era by artist Iouri Bachmet on groove shark;en
Play Dj Shadow's A Love Hate Masquerade.;en
Play me a Maia Hirasawa soundtrack from 1951;en
I want to hear the album Insult To Injury by Narayana Tirtha.;en
Play the greatest soundtrack by Nhat Son on Last Fm.;en
Can I hear a Da Brat ep?;en
play music from Itunes for Ric Grech;en
Play me a Chris Needham song on Vimeo;en
Play Noctámbulo pl;en
Play the album Vibrations by Marion Elise Raven;en
play music by Amii Stewart with Itunes;en
Play me the new King Curtis music on Google Music.;en
Play a symphony from Bob Hardy please;en
Play some noise music on Netflix.;en
Play the top hits of 2016;en
Play music on itunes from artist Jessica Delfino;en
Play Alone, Again from Mike Viola;en
play 1981 tunes by Jiles Perry Richardson on Lastfm for theme music;en
Play the theme tune that Christian Fennesz wrote;en
play the top five songs by Gad Elbaz;en
Play Stevan Faddy on Google Music.;en
I'd like to listen to Tom Cochrane's 1990 ep on Zvooq.;en
play a concerto from sam sparro;en
play some Sia Furler on Last Fm;en
Play Brotherhood by Ock Joo-hyun;en
Will you pull up my Jueves de Antaño playlist;en
Play The Galway Races on Netflix.;en
Play music from 1964;en
Play Dj Cameo on itunes.;en
Can you play a song by Ken;en
play the album Sauna on Zvooq;en
Play me an eighties song by Wes Dakus;en
Play some 1993 concerto off of Slacker;en
Play the Mister Music Man by Gene De Paul.;en
I want to listen to Speed Metal Symphony;en
play newest Robert Palmer sound track;en
play Matt Uelmen songs from 1965 on Slacker;en
play a soundtrack by Sarah Geronimo on google music;en
play music from 2014;en
Use Netflix to play In The Arms Of A Woman playlist;en
Play While The Gate Is Open.;en
Play music off Youtube.;en
Play The Lamentation Of Cloris;en
Can you play a top song from a chyi chin concerto;en
Can you play something from 1966 by Mc Ren on Spotify;en
Play tune from Sonny Stitt;en
Play me something on Last Fm;en
I want to hear Vegetables by pharrell williams;en
Play a 1964 track from Shahram Nazeri on Pandora.;en
Can you play a sound track by Sissieretta Jones;en
play music by Don Reno;en
play Ngola Ritmos top-ten songs;en
Play me the best Charles Neidich song;en
Play the top five melody from 2000;en
Play sugar baby by frank beard;en
Play some fourties music on vimeo ;en
Play the top 1991 sound track;en
Play Clay Aiken's The Bonny Hind on Groove Shark.;en
I want to hear De Eerste Keer from Paul Caiafa  off of Google Music;en
Play genre opera;en
Play theme music from 2011.;en
Play a Jim Mullen ep from the sixties;en
Play a tune from Space Mandino.;en
play a 1977 record by Bitty Mclean on Google Music;en
Play Randy Castillo's music from 1952.;en
play the latest Thelma Aoyama;en
Play the new music from Wilko Johnson;en
play valerij kipelov on Vimeo;en
Play some Krzysztof Penderecki on Last Fm;en
Please use pandora to play a record from 1993;en
I want to hear Aki Nawaz, play the song fair annie.;en
Can you play a 1967 soundtrack on Slacker;en
play a top 50  tune from the twenties by Willi Williams;en
Play a song by Electric Tones from their Kurutta Taiyō album on Last Fm;en
Use itunes to play dancing playlist;en
play Tonight Only! by Nastya Kamenskih;en
Ply best 1973 sound track;en
Play music from 1964.;en
Play the most popular twenties record from Leland Sklar;en
play music from the sixties;en
Play music from the list Indie Electronics;en
Play the seventies album on last fm;en
Play The Fool On The Hill by Khwaja Ghulam Farid;en
Open Itunes and play Heath music from 1981;en
play By The Sleepy Lagoon by Greg Kurstin;en
Can you play a song from the fourties by George Martin;en
Play Goa music on Google Music.;en
play Joey Fatone soundtrack tunes from Google Music from 1972;en
Play the top-ten chant Doda songs from the twenties.;en
Play the good sort of 1992 theme music by Layzie Bone;en
Play the greatest 1966 album out there;en
play Fereydoun Farrokhzad best track;en
play Groove Shark;en
Play the playlist Grime Shutdown;en
play robin hood and the bishop of hereford by Jon Mayer;en
Play a fifties album on Itunes.;en
Play something by Louisiana Blues;en
I want to hear Papa Mali's songs from the fifties;en
Play any music on Spotify;en
Play Crazy=genius by The Alchemist;en
play a top-10 ballad from 1995;en
play Lastfm pop tunes;en
Please use Itunes to play something from 1986;en
Play a song from my workout playlist on Groove Shark;en
play a song by Busta Rhymes;en
Play some chanson style music.;en
I wish to listen to some instrumental music.;en
play some music from the thirties;en
play dj kentaro from the year 1994;en
Play Ciribiribin by Sandeep Khare;en
Play my Femme Fatale playlist on Vimeo;en
listen to Vertexguy track;en
Play twenties symphony from Robert Walter;en
Play me a 1986 Jim Root;en
Play the top symphony music from Ejigayehu Shibabaw;en
Play Dave Joyal;en
play Fernando Olvera;en
Can you play something from the fourties, preferably a symphony?;en
Play i believe from Chico Buarque off of iheart;en
Play some seventies songs from Luke Haines off of youtube;en
I want to hear some music from Spotify;en
Play some music by Frayser Boy.;en
play the best album from the seventies;en
play Robin Trower Unravel;en
Play celtic music;en
Play Michael Angelo Batio;en
play twenties music off of my Itunes;en
Play some music on Lastfm;en
play a ballad by Giorgio Moroder;en
I'd like to hear Helen Baylor;en
Play me a symphony by Ricky Bell;en
Play the last sound track by Soko from around 1975;en
Play Elkie Brooks seventies sound track;en
Please play This Is The Day by Brian Robertson.;en
play Latin Dinner;en
Play a record from 2010.;en
Play the top 10 by Sankha Chatterjee.;en
Play top-50 eighties theme from Alain Caron;en
Use Netflix to play music;en
Play some tango.;en
listen to ballad songs from the twenties;en
play the last chant from the fourties;en
Can you play Maggie Mae on Netflix;en
Play the song vodka by Kunal Ganjawala on Itunes;en
Play Donald Rubinstein on Pandora;en
Play Crucifixion on Deezer.;en
Can I hear a symphony from the seventies on Youtube?;en
Play any album from the twenties;en
play Addicted To You by Hank Ballard;en
Want to play Christina Schollin Lastfm;en
play deezer top 20 by Natasja;en
Play a melody from Leigh Nash using Lastfm;en
Play me a song from 2016;en
Play a 1998 sound track  from Sam The Kid on Last Fm;en
Play some 50 Shades of Love;en
Play me a top 20 chant by Ruwanga Samath on Lastfm;en
Play me a 2015 soundtrack on Netflix;en
I need some Hardcore Hip Hop;en
Play the heinz strobl ep from 2016 on Groove Shark;en
Play teri meri by Josh White;en
Can you play any chant from the fourties?;en
play Innovations by Kokia;en
Can you play a song off an album by Shirley Horn;en
Play playlist riveting ;en
Play me a song from the fourties movement;en
I wish to enjoy some fifties music by Johnny Paycheck.;en
Play some Iris Dement's theme based 2015 music on lastfm ;en
Play music on the playlist Electronic Gaming;en
Play me an ep from 2005.;en
Play the top five Cemil Bey songs;en
Can you play some music by andrew diamond;en
Play Dave Mason's soundtrack on Last Fm.;en
Play the song Long Live Love;en
Play Techno on Lastfm;en
Play the top 5 by Akira The Don.;en
play playlist A Mis Niños de 30;en
Play some music on groove shark.;en
Use Groove Shark to play music from the nineties;en
Play the greatest record by Leroi Moore;en
Play some Sonu Niigaam from the fifties;en
use Slacker to listen to seventies music;en
Play music on Netflix.;en
Play some music on Itunes;en
Play a song from 2003;en
Play slow rock music on Vimeo;en
play Vanlose Stairway by Janove Ottesen;en
play some Spotify by Danni Bassan;en
Play some chanson music.;en
Play the top caleigh peters.;en
Play Slow Rock on Lastfm.;en
Open up Lastfm and play some songs.;en
Play the album Remember Shakti – The Believer.;en
Play Tad Kinchla soundtrack;en
Play a song off the Nicht Sprechen album;en
Play me some music on Deezer;en
Play a song by David Silveria from 2002 on Zvooq.;en
play the Ocelot record using Zvooq;en
play Iheart;en
play 1981 music on Last Fm;en
Play a 1958 soundtrack by Rudolf Schenker on Netflix.;en
Play me a song from 1968 on Spotify;en
Play music from Gavin Koppell movement;en
Play Apbl98 by Alden Penner.;en
I want to hear any tune from the twenties;en
Play Leanne Dobinson Right To Dream;en
Play some music from 1958 on Deezer.;en
play 1962 music on Netflix;en
Play my entertaining playlist;en
Play me Benjamin Kowalewicz's top hits;en
play Make The Cowboy Robots Cry by Sabin Rai on Vimeo;en
Play music from Tommy Ridgley.;en
Play new Teo Macero;en
Play something off my New Boots playlist;en
I want to hear something from the top-fifty by Jose Pasillas;en
Play a twenties tune by Jodie Aysha.;en
play Groove Shark;en
play a 1999 track by Pete Seeger on Youtube;en
Play music by Fidel Nadal sorted by newest.;en
Play some 1982 movement music on Slacker;en
Play greatest chant music from Beni Arashiro;en
Play most popular from Nil Burak on Slacker;en
Use Youtube to play music from Dorothy Ashby from the year 2002;en
Play some Retro music.;en
Play the newest Phil Stacey.;en
Play Lorenzo Palacios Quispe;en
Can you use Pandora to play a soundtrack from 1999 by David Sitek?;en
play top-twenty song from 2015;en
Play Dj Drama from the 1976;en
Play the best songs of 2016;en
Can you play a song off the album, jungle;en
Play the song domino by Luca Turilli;en
play some Kansas Joe Mccoy;en
play Mikazuki Sunset;en
Play Brian Clifton off Groove Shark.;en
Open Lastfm and play Hot Lips Page from the sixties;en
Find me music by Kaori Utatsuki off the album that has top-twenty hits;en
Play me some Max Martin on Lastfm;en
Play the greatest soundtrack by Jesse Harms.;en
Play the music of Aphex Twin's good Album;en
play an eighties song by Ler Lalonde;en
use Spotify to play Nina Persson from 1962;en
Play some gangsta music;en
I want to hear some sixties  melody from Mark Mcentee off of Google Music;en
I'd like to play the top ten Mickdeth on Google Music;en
Play me a Xuefei Yang symphony on Groove Shark;en
play Google Music tunes;en
I'd like to listen to Space music;en
Play music from 2015;en
Play some John Oates on Youtube.;en
Can you play a chant by Butch Trucks on Spotify;en
Please play Got The Time;en
Play Martha My Dear by shannon.;en
play Darude;en
Play the song Victim Of Changes from Hawkshaw Hawkins on Spotify;en
Play Richard Fortus' Live Collection.;en
Play andrew lloyd webber's good tune on zvooq.;en
Use Deezer service to play Opera ;en
Play eighties music on Groove Shark.;en
play primus ;en
play some latin on Zvooq;en
Play some Don Ho on Netflix;en
play the track The Wizard And I;en
play some 1991 Dave Barker;en
use Lastfm to play Attack Of The Planet Smashers;en
Play me a song by Stephen Jones;en
Play Dawn Richard song White Summer;en
Play Harel Skaat;en
play the greatest Vimeo tunes by angelo amorevoli on soundtrack;en
Play Alfredo Zitarrosa on spotify.;en
play Tom Baxter tracks;en
play 2007 tunes by Bunny Berigan;en
play some Classical music on Spotify;en
Play some Ray Williams music from the nineties on spotify;en
play a top Ryuichi Kawamura chant on Groove Shark;en
play a 1994 tune by Lena Horne;en
Play me a 1958 adam yauch concerto on Groove Shark;en
Play prints in the stone by Helen Baylor;en
Can you play a top 5 song by Manos Hadjidakis;en
Please play something that's freak folk on Google Music;en
Play Red Barchetta by Blind Lemon Jefferson.;en
Play some eighties music.;en
Open pandora and play the top five melody by Hanna Sjedokowa;en
Can you play some fifties music by lavern baker;en
I want to hear gothic rock on Lastfm;en
Play me a Jill Scott sound track on deezer;en
Play something by Brian Chase.;en
I want to hear some twenties music off of Deezer;en
play music from 1950;en
Play my Hot 50 playlist.;en
Play Trace Adkins' music from the thirties.;en
play classic rock on Slacker;en
Play tribal;en
Play music by Otis Redding.;en
Play me a twenties song;en
Play White Noise.;en
play the top-twenty songs by The Kleptones on Spotify;en
play good Classified songs on Vimeo;en
Play the music from the playlist Get Lit;en
play some King Tubby from the eighties;en
Play the greatest Ricky Bell music;en
play a track from the thirties;en
Play something from the jonathon lee movement;en
Play my Hype playlist on Youtube.;en
Play Miami 2017 by Rodney Whitaker;en
play a top twenty symphony of 2010;en
Play gothic music;en
Play my Piano Ballads playlist.;en
Play music from 1969 on lastfm .;en
Play Lenny Kaye music.;en
Play some fast fusion on Spotify;en
Play my Women of Rock playlist.;en
Play Magic Sam from the thirties;en
Play music by Sarah Connor;en
list to the most popular Muireann Nic Amhlaoibh song;en
open the Canciones del Recuerdo playlist and play songs;en
Play a 1983 ballad on Groove Shark.;en
Play music by Deenanath Mangeshkar;en
Play my springtime playlist.;en
Play me the most popular Arthur Johnston song;en
Play the album 21st Century Live by Chet Lam on Itunes.;en
Play The Eternal by Juju Mob on Vimeo.;en
Play a 1950 album on Iheart;en
Play Geddy Lee music on Spotify sort by top;en
Let me hear the Live From The Ghetto album by Beau Jocque.;en
Please play me Jerry Lee Lewis's If You Say So track.;en
Play me a 1974 tune on Slacker;en
Play some space music on Google Music;en
Play Inside The Eye by twinkie clark;en
Play a fairouz tune on Deezer;en
I want to hear a track from the fourties.;en
Play Barbra Streisand music from 1997.;en
Play music by blowfly from the seventies;en
play ep by Arjen Anthony Lucassen;en
I want to hear something eclectic;en
Play some folk-rock music;en
Play 1952 Yusef Lateef on Netflix;en
play the latest melody from Cliff Edwards on Deezer;en
Play my Top Gaming Tracks.;en
Play some 2011 music by Dan Healy.;en
play Neutrons  by Seun Kuti;en
play music by Christian Bautista;en
Play pop;en
Play Niko from the fourties;en
Play Goldie Hill's record on Google Music.;en
play Chance Of A Lifetime on Zvooq;en
play the top twenty movement songs from Roberto Valverde;en
Want to hear a chant by Nellie Mckay from the year 2008;en
Wish to hear a concerto by Diplo from 1952;en
Play me a song on Pandora;en
Would you please play me a symphony from 1995;en
play the newest by Exuma;en
Play best fourties from david izquierdo on album;en
Play me some music youtube;en
Play Classical X;en
Play some 1999 symphony from Minami Takahashi;en
I want to hear the newest music from The Railway Children;en
Play opera music on google music;en
Play music by Country Dick Montana.;en
play a sixties song by George Sanger;en
Play a sixties track by Noam Pikelny on iheart.;en
Play the next ep by Video Game Pianist on netflix;en
play ambient music;en
Play music from the artist Taktloss from the record in the thirties;en
play robert fripp sound track on Pandora;en
Play music from 1960;en
play Bra Vibrationer by Dean;en
play Party Ben on Slacker;en
Play me a song by Avispa Music from 1965;en
use Deezer to play top five Moya Brennan;en
Can you play The Change Is Made on Netflix;en
play music from the year 1979;en
Play some Laurie Anderson.;en
Play me a top-ten song by Phil Ochs on Groove Shark;en
play No More Sorrow;en
Play Party Anthems;en
Can I hear a tune from Vladimir Vysotski?;en
Play the 1951 ballad;en
Play a top five Linda Strawberry ep;en
listen to Westbam alumb Allergic on Google Music;en
Play the playlist Tropical Morning on Pandora;en
play a music ballad from the sixties;en
Can you play a sonata;en
Play music by artist mark ashley;en
Play my Jazz Brasileiro playlist;en
turn on Last Fm to listen to Chara ballad from 1988;en
Open Pandora and play music from the fifties. ;en
Play a Wendy Carlos song from 2002;en
Please start playing some thirties theme music.;en
Play rie fu music sorted by the best.;en
Play Party Through The Decades on Deezer;en
Play Used To Love Her by Dara.;en
Play some acapella music ;en
Play a top twenty sort by Akinyele.;en
Use netflix to play a record by Emil Gilels from year 2015;en
Play popular eighties record;en
Plpay my Disco Fever playlist.;en
Play me a fifties song by Chingy;en
listen to acapella;en
play Khujo eighties track song;en
Play music by Sha Money Xl sort by good.;en
Play some Armik from the fourties;en
Play The Cherry-tree Carol by Edwin Mccain;en
play music by Bryan Maclean;en
play my Madrugando playlist on Groove Shark;en
I want to hear sia furler's popular songs on Last Fm;en
Play Larry Graham sound track;en
Play Contigo En La Distancia;en
Play some ivy anderson from around 1967;en
I want to hear any top five music from Gene Autry;en
I want to hear symphony songs from Rebecca Cartwright on Last Fm;en
I want to hear the latest twenties album from Kyle Riabko;en
play some synthpop;en
I'd like to hear Nas's greatest ballad;en
play Hora Din Moldova by Yamazaki Maso;en
play the track Asleep In The Deep;en
Play thirties symphony music from Nigga on Iheart;en
Play any song from 2006;en
Play some music from the thirties.;en
I wish to listen to eighties music by Mike Dean.;en
Play the song Waar Is De Zon on Slacker;en
Play a song from 1990 on Netflix;en
Can you play some music from my road trip album;en
Play a track from 1985.;en
Play Halid 08 by video game pianist on Pandora;en
Play the last ep from 1999;en
Play me a track by Steve Souza;en
Play the top ten by Andrea Del Rosario.;en
play Are & Be;en
Play me the newest fourties symphony;en
Listen to music from 1975;en
Play the concert from Philip Oakey 1973 concert on Netflix;en
Play new music from Liang Wern Fook;en
Play a popular chant by Brian Epstein;en
Please play anything by george formby jr;en
Play music from the year 1964;en
Play Iheart;en
play 90s Love Songs on Youtube;en
play the greatest 1972 album by Wes Dakus;en
Can you play Halloween by Ajinoam Nini;en
Play Liubi, Liubi, I Love You by Farah Asyikin Binti Zulkifli on Netflix;en
play Piano Ballads on Netflix;en
Play some showtunes music.;en
Play Ramakadha by Karl Davydov please;en
Play some nineties music on Pandora;en
Please play music from Itunes;en
play the top-twenty tune by Masaharu Fukuyama on Slacker;en
Please play a song by Everlast;en
Play music from 2005 by Justin Broadrick;en
Open Youtube and play Connie Francis Sings Spanish And Latin American Favorites from Yukiko Iwai;en
Play an album from the fourties, new first.;en
Play symphony music from 1991 by Irvin Mayfield;en
play a symphonic rock on Pandora;en
Open Vimeo and paly every song released in 1986;en
Play an album from 1987.;en
Play music from Lastfm and Deezer.;en
Play me a popular song by Koichi Domoto;en
Play a 1964 symphony on Netflix.;en
Play some nineties chant music from Nicoleta Nicola;en
Play the latest Joan Baez.;en
Play a 1991 song by Anila Mirza;en
Play a melody by Shada Hassoun;en
Please play something on Last Fm;en
Play me Leonid Soybelman on Vimeo.;en
Repeat the track of music;en
Play Fais Les Backs by Sarah Geronimo on Youtube;en
play Té Para Tres;en
play the last track by Shavo Odadjian;en
Play music from the punk genre on Last Fm.;en
play In Your Eyes by gareth gates on Netflix;en
Please play playlist TODO REGGAETON;en
play Itunes  songs by Gerard Way;en
Open groove shark and play Jason Mizell;en
Play the newest ballad from Chad Urmston;en
play some nineties music;en
Play movement music from Sheryfa Luna;en
I want to hear music from the sixties.;en
Play new track from the fifties;en
Play the latest 1973 album by Peter Derose.;en
play a theme from 1985 by Patrick Cowley;en
I want to hear a 1976 symphony by Jam Master Jay;en
Play a chant from 1978.;en
Play Short Walk On A Long Pier on Slacker;en
Play soundtrack by Armand Van Helden;en
Play One Way Ticket by Ray Kennedy.;en
Play the top-twenty from Alexander Braginsky.;en
play latest Shaggy music;en
Play some theme songs from 1974;en
I want toi hear some Pop Punk Perfection  off of Deezer;en
Play Tooh by Eric Bazilian on Google Music.;en
play a tune from 1973;en
play a top-fifty 1965 album by Ski;en
Play an Alla Pougatcheva ballad on Pandora;en
Play me a song by Steve Hackett from Manuel;en
Play a Jack Lawrence concerto;en
play some Prabha Atre;en
Play christian gangsta rap;en
use Iheart to listen to retro;en
Play a fifties theme on lastfm ;en
I'd like to hear the last song fro Willa Ford.;en
Play a record from 2005 by Ruslana Lyschytschko.;en
Play Clásicos del Hip Hop Español;en
Play music from Hide;en
play the top-20 Rita Macneil songs;en
Play a tune by Andrew Findon;en
Please play some Black Metal music;en
Play the song gangsta? by Siavash Ghomayshi;en
play fifties track music;en
Play The Birds And The Bees by Ceca.;en
Play me something Miles Davis did with a symphony;en
I want to hear Rock Bottom by Playa Fly on Slacker;en
Play a top-50 tune from 1982.;en
play the album a kiss before you go by Bt;en
Play a track by Yui on Vimeo;en
Play Circus Farm by Deana Carter.;en
Play the best sort by Jan Robbe on pandora;en
play chant music by David Cook;en
Do you have something like Impossible Is Nothing by Abderrahmane Abdelli?;en
Play the song Two Suns In The Sunset by Airi Suzuki;en
Play me track September, Gouden Roos by artist daedelus;en
play chant by Prurient;en
play Doctor Fink if i could choose;en
Play the latest songs by Larry Gatlin on Iheart;en
play the album by Paul Barker playing the greatest from 1978;en
Play the album Shooting Silvio by Dave Sabo;en
Play the Ricky Wilson album Spectral Dusk;en
Play some P. J. Proby;en
Play a 1974 sound track on Vimeo.;en
Play a song by Tim Finn on Last Fm;en
play Heavy Machinery by Phil Spector on Zvooq;en
Play music off Netflix.;en
Play some music from the thirties.;en
Play some Matthew Sweet music from around 1996 on Spotify;en
play Kings Of The Wild Frontier by Andrea Bocelli;en
Use Last Fm to play artist Kawabata Makoto from their record;en
Play the best ballad by The Rascals.;en
Play some rock music on Youtube;en
Play a soundtrack from 1954.;en
Play music from 2015;en
Play a 2001 tune;en
Play ecstatic;en
Play music from the twenties.;en
Play a song from 1994.;en
play new music by Elmore James with google music;en
Play something off Rage Radio;en
Play music from 2012 on Netflix.;en
play The Edge by Deezer on Vans Warped Tour Compilation 2003;en
Open Deezer and play top 40 hits;en
Play Sergei Anatoljewitsch Kurjochin's music on Groove Shark.;en
Play some chant music by Kevin Jonas on deezer.;en
Play music from 2002;en
Play Oliver on pandora.;en
Play some 1954 songs on my Itunes.;en
play The New Timer by Augustus Pablo with Itunes;en
Play a song from 2013.;en
Play a popular Gurdas Maan track;en
Play me some Terror music;en
Play a song of I Myself And Me on Youtube;en
Play Soldier Boy from Melody Gardot;en
Play me a Frank Farian ep;en
Play some dance music.;en
play Isaac Yamma Slut;en
Play Rain by Subliminal on Groove Shark;en
Play a melody from Elmer Bernstein;en
Open Deezer and play Inyección Musical;en
Play rhythmic;en
Play music on groove shark;en
play music by Billy Powell;en
Can I hear tod ashley music from 1953?;en
Does Netflix have music released in 1991 by You Yokoyama;en
I want to hear a top five ballad from 2002;en
Can you play the greatest songs by Mauro Picotto;en
Play Elastic Love by Junior Marvin;en
play Piano 100;en
play a sound track by Vegard Sverre Tveitan;en
play Netflix tunes from 2003 on an album;en
Create a theme station with Jim Creeggan records and collabs ;en
Play While We Were Waiting by Sippie Wallace on Vimeo;en
play Lighter by Pamela Jintana Racine;en
Play the playlist Gypsy Swing;en
Open Last Fm and play the top song from Daniel Lee Chee Hun;en
Play some House music;en
play music by Shinji Miyazaki;en
Let me hear an ep from the thirties era of music.;en
Play the last theme by Behzad Mirkhani.;en
Play music on Deezer by Imogen Heap;en
Play a song on zvooq;en
Play my Hardstyle, Baby playlist on Netflix;en
Play Alles Heeft Ritme by Liu Tianhua.;en
Play me a 1990 sound track;en
I want to listen to Born On The Bayou on Iheart;en
I want to hear some of David Gilmour's music from 1973;en
Play Annet Artani soundtrack on Slacker;en
Play some Paul Stookey from the sixties;en
play Asia Nitollano using itunes;en
Can you play the latest faust soundtrack from 1967?;en
listen to Pmd symphony;en
Play hanging in the balance by Nik Kershaw on Zvooq.;en
play scott la rock from Stella on Slacker;en
Play the top-10 chant by Caetano Veloso on Pandora;en
play Pandora Christian Gangsta Rap;en
Play the red room sessions from chris cunningham;en
play Angelo Amorevoli;en
I want to hear theme songs from zeebra from the sixties on Slacker;en
I want to hear Choice on Last Fm from the twenties.;en
Play Mea Culpa by Rahim Shah;en
Play Bitch Please Ii from Julee Cruise on Iheart;en
Play Henrie Mutuku album from 1957;en
Play some rock & roll by Deezer.;en
play the newest sound track from the thirties;en
Play Kisaki on Pandora;en
Play The Wizard And I on Zvooq;en
Play the playlist, Hardstyle, Baby.;en
play Women of Jazz;en
Let me listen to The Music Of Nature album by Paul Draper.;en
Play the playlist spring;en
Play some Last Fm music like the 1992 ep from Peaches;en
Play me a song from 1972 by Sweet Emma Barrett;en
I want to hear eighties music by Noko on deezer.;en
Play a melody from the nineties on Google Music;en
I want to hear the top 5 Jamie Lidell songs;en
Play my Fusion Fest playlist on Youtube;en
Play a popular melody by Lindsay Lohan on Youtube.;en
Can you play some eighties music;en
play songs by Sarah Harding;en
play Zvooq latest track by Peter Appleyard;en
Play music from 2011.;en
Play top-ten eighties song;en
Play Tomorrow;en
Play Elitsa Todorova music;en
Play tuomas holopainen's The 21 Project.;en
Could you play the album B Men Gahō by Nathaniel Shilkret;en
Play a music theme by Anna Nikolajewna Jessipowa;en
Play Within You Without You by Distance on zvooq.;en
Play How Does It Work by Helen Carter.;en
Play some fourties music on Spotify.;en
Play Miyavi's music from seventies on Google Music.;en
Play some 1962 theme music.;en
Play some Dj Qbert.;en
Play some tune from 2011 on Youtube;en
Play me a nineties sound track;en
Play a twenties track by the aj carothers on Zvooq.;en
Play me a song by Kevin Cadogan;en
Play Moris Tepper;en
Use Itunes to play music;en
Use Groove Shark to play Krizz Kaliko;en
I want to hear the new movement from Richard Harvey;en
Play some 1987 Edie Brickell.;en
Play paul ortiz music from 1990;en
play Andy White;en
play Groove Shark folk-rock;en
play The Necromancer;en
Play the newest released song from 1951;en
Play music from the playlist Get Your Mind Right;en
Play the top fifty soundtrack from the twenties.;en
Play some The Lady Is A Tramp from Timour Moutsouraev;en
Play Kool Keith Presents Thee Undatakerz by John Mccrea.;en
Play the most popular 1956 record.;en
Play Slacker radio.;en
Play a song from 1950;en
play the album Pressure Cracks with Netflix;en
Play a seventies soundtrack by steve walsh on Groove Shark;en
Play some Sabah from the eighties;en
Play me the greatest track of 1966;en
I want to hear Gloryhole from Mani off of Lastfm;en
Can you play Crossover?;en
play Techno music;en
Open Vimeo and play music.;en
play my De Camino playlist;en
play a ballad by Chick Corea;en
I want to hear Dido from 1966 on Youtube;en
play The Insoc Ep;en
play Luis Alfonzo Larrain from 1995;en
I want ohear the 1996 soundtrack from deezer;en
play The Happiest Days Of Our Lives by Tommy Emmanuel;en
Play Justin Broadrick's music on Slacker.;en
Play The Tyranny Of Distance by Willy Mason.;en
Play Pride Of The Prairie from Johnny Burke;en
play twenties tunes;en
Please play a movement by Rupam Islam;en
Play any chanson;en
play some twenties music on Iheart;en
Play some fifties music by Origa.;en
Play 1993 theme music;en
Play Verjamem track by Hong Junyang.;en
Can you play some Synthpop music on Youtube;en
Play classic rock on Groove Shark;en
Play music from 1989 by Maya.;en
I want to hear some acid punk music;en
Play the track Fight On, State by Yuvan Shankar Raja;en
Open Youtube and play Nanana from Massimo Altomare;en
Play some music on Slacker;en
Play a seventies Tom Thacker ballad;en
I want to hear Dave Seaman's ep;en
Play a 1978 track on Slacker;en
play Pop 2017 Picks;en
I Need rave Slacker to play;en
Can you play me some britpop music;en
I want to hear the new Latin Pop Rising list;en
Play the track That Would Be Something from Eden Ahbez;en
Play my Acoustic Covers playlist on Spotify.;en
Play That Would Be Something by Eden Ahbez;en
Play some dance music;en
Play some movement music by Perez Prado on Iheart;en
Play music by Keren Woodward;en
Play music off the track Child Maurice;en
Play Songs Of Heaven by ami koshimizu;en
play Zvooq Night Rider list;en
Play eighties;en
Play a record from the year 1979;en
play Peja tunes;en
Use Spotify to play me music;en
Play me a song by Hank Thompson from Moa Anbessa;en
Play me Sun Ra songs from the fifties;en
play In The Arms Of God on Zvooq by Nimal Mendis;en
Put on Vimeo and play Kacapi Suling;en
Play any nineties music;en
Open Netflix and play Kan Man Gifta Sig I Jeans?;en
Lets hear some Dawood Sarkhosh from their The Power Of Your Love album from Groove Shark;en
Play Bald by Kaskade.;en
play Richard Thompson from the thirties song book;en
Play me some grunge music;en
play music from the twenties with Slacker;en
Play the energic Itunes;en
Play music by Susumu Hirasawa.;en
Play music by mina caputo on Lastfm;en
Play songs by Cheryl Wheeler;en
Play a chant by Mj Cole;en
Use Pandora to play music from Maki Onaga from the album made in the nineties;en
Play them the greatest music by Chris Frantz.;en
Play some fifties music by Chris Brown.;en
Play my Futuros Hits playlist on Spotify.;en
play something from the twenties;en
Play the most popular sound track from the 2006;en
play some good amber gristak on Lastfm;en
Play the latest music by Martin Luther Mccoy;en
Play some Joeri Basjmet.;en
Play thirties concerto music on Google Music;en
Play Funky Heavy Bluesy;en
Play the music of Tupac Shakur;en
I'd like to hear Don Airey's Gonna Raise Hell;en
I want to hear Richard Falomir's best song on Pandora;en
Play some music from Miss Platnum;en
Open pandora and play udhreko choli from Chowdiah;en
Play my Pandora app;en
I want to hear the sound track to Mary Macgregor new songs on Iheart;en
Play mere lapsed by Marilyn Moore.;en
Play the best Vanessa Peters songs;en
play melody music from 1988;en
Open Zvooq and play the best songs from Device;en
Play the music Hands Up;en
play a top-twenty tune by Noor Jehan;en
Play a sound track by Mac Dre.;en
Play Anweshaa by the new first.;en
Please play Jag Vill Leva I Europa by porta;en
Play some Game music.;en
I want to listen to some Aaliyah;en
Play eighties music;en
Play Seasons In The Sun by Rosco Gordon on iheart;en
open lastfm  play top hits of Simon Webbe;en
Play sixties music by giovanni battista guadagnini.;en
Play me some music from 1999;en
Open Netflix and find a movie with the song heartful;en
play the most popular Miles Jones track;en
Play me a song from the twenties by Randy Bachman;en
I want to hear some Boris Grebenchtchikov on Zvooq;en
Play new movement from Mike Oldfield on Vimeo;en
Turn on Spotify to Tiny Tim ep;en
Play a sound track from 1952.;en
Play some Tony Grant.;en
Play a melody from Elmer Bernstein;en
I need some ambient music. ;en
Play the greatest ballad from the seventies;en
Please play a song off the Curtis Lee album Rough Diamonds;en
Play music by Daddy Yankee;en
I wanna hear something on Spotify by Eddie Vinson;en
I'd like to hear one of Eric Clapton's most popular melody on Pandora.;en
Play some Eddie Vinson on Deezer;en
Play on spotify Ms Scandalous;en
Play the most popular ep by marcel khalife on Netflix;en
Play some music by Daniel Carter;en
Play slow rock music;en
I want to hear the Jody Williams sound track;en
Play some theme based music from the thirties.;en
Play a record from 2015;en
Play a top twenty symphony by Bumble Bee Slim;en
play a new song from the seventies;en
Play the track titled Faget;en
play anything from the twenties;en
play a tune by Margaret Kelly on Iheart;en
Play me songs from agreable;en
play Roy Orbison tunes now;en
Play me a seventies song;en
Play 2012 symphony music by Nardwuar The Human Serviette on Netflix.;en
Play some Gospel music.;en
Play music from 1958;en
play fifties movement songs by Fabio on Last Fm;en
Play Brenda Kahn's Rushall Station.;en
Play anything from the top-50 Jeff Irwin record off of itunes;en
Play some music from the last album of 1988 on Lastfm;en
Play music from Clark Kent in the year 1987;en
play Frankie Laine;en
Play some music from 1989 by Sanjeev Abhyankar.;en
Can you play something off Johan Larsson's Travelers And Thieves;en
play Phil Spalding soundtrack from the seventies;en
Play Rob Dougan on youtube;en
Play some sixties music.;en
Play some techno on Lastfm;en
I want to listen to some music from 2003 on Pandora from them;en
Play Talking To The Universe on Itunes;en
Play some music from the twenties.;en
Play music by Don Cherry.;en
Play something by Holly Cole on lastfm ;en
Play some thrash metal.;en
Play some Dave Pearce.;en
Play my 88 Keys playlist.;en
Play play Lodge by Alkabli on lastfm .;en
Play music by Janet Paschal;en
play Angela Winbush ep that is popular;en
Play fourties record;en
On Itunes play the latest Anna Yesipova ep;en
Can I hear a movement by rookantha gunathilake on the Vimeo service?;en
play shara worden;en
Play a tune by Houston on Spotify;en
Play The Monkeys Have No Tails In Zamboanga on Google Music.;en
Play some music on Last Fm;en
play some dream music;en
Play This Is: Animal Collective please;en
play a track by Alpha Blondy with Deezer;en
Play some Ven A Mi;en
I need to hear some music from Spotify;en
Play any song from 2001;en
play Wanted by Erykah Badu;en
Play Bob Hilliard top-twenty music;en
play Miguelito top charting album;en
in Google Music play the top singles released in 1972;en
Play Listen To The Mocking Bird by Billy Martin on Youtube;en
Can I listen to music from the Easy Listening genre?;en
Play some Jungle music on iheart;en
play soem nineties Charles Thompson;en
Play the most popular stuff by Tina Dico;en
I'd like to hear songs from Iheart;en
Play the album alas y raíces by Dave Pybus.;en
Play some seventies songs from Joseph Genaro on Google Music;en
play some Origa on Google Music;en
Play some sixties music on Slacker.;en
Play 1966 theme music on Slacker.;en
Play some music from 2011 on lastfm ;en
Play Lukasz Gottwald album on Zvooq;en
play some movement by Dj Spinna;en
Play chant music by Ira Losco on Iheart.;en
Play funtime activity;en
Play a Scott Lafaro soundtrack;en
"play Bill Evans album The Best Of The 12"" Mixes";en
Play Hughie Graham by Vidyadhar Vyas;en
Play a 2009 concerto on Deezer.;en
Can you play a song from the newest movement by prince on Lastfm;en
Play a record by Black Wall Street Records;en
Play music from the seventies;en
Play Cherry Pink by Trapp Mendoza on Iheart;en
Play the top-20 music by merz;en
Play sweet shanghai devil by Teddy Diaz.;en
Play some chanson music;en
use Netflix to play Michael White tune from 1955;en
Play me the last 1980 record by Brenda Kahn;en
Play artist Vlada Divljan from something he did that is good;en
play songs by Wise;en
Play music from 2000 on spotify;en
Play some indie music on spotify.;en
Proceed with music from 2003.;en
Play my playlist springtime;en
Play the top ten theme music from 1975 by Tom Baxter;en
Play POP GOES THE 80s.;en
Play record from the seventies;en
Play music from Youtube.;en
Play Adieu by Al Arsenault;en
play Latina;en
play Kurt Cobain ballad tunes;en
play some Kyle Ward from the seventies;en
turn on Google Music to play 1991;en
Open Spotify and play a song from the twenties by Richard Harvey;en
Please play the most popular ep from 1998 by Mc Frontalot ;en
I'd like to listen to opera on Youtube;en
Play the soundtrack that Tom Bellamy contributed to;en
Play me a Felix Kubin from No Light on Spotify;en
play some rap on Pandora;en
Play Metal Crash Course playlist.;en
I want to hear Techno-industrial music.;en
Play Zvooq;en
Play me a song by Saki Nakajima;en
Play me the greatest Doctor Fink song on zvooq;en
Play the Charlie Hunter theme off of Last Fm;en
Play a top 5 song from Wally Bastian on Google Music;en
Play me some Goa;en
Play Tanti Auguri A Te from Bruce Gilbert;en
Play the newest melody from Corey Clark on Lastfm;en
Open up music on Last Fm.;en
Play some songs from 1958;en
Play Punk Rock music;en
Play a 2011 ballad by Evil Jared Hasselhoff on Lastfm.;en
Play Grabsteinland I by Doctor Fink on slacker radio;en
Play fifties music;en
Play 2011 music ;en
Play Praise The Lord And Pass The Ammunition.;en
Play track music from Peter Finestone on Netflix sort by newest;en
Play some caribou from the sixties;en
Play Dj Scratch's eighties music on Iheart.;en
I want to hear Sarban's greatest hits;en
Play Gary Chapman music from the fifties;en
Play something by Louis Nelson Delisle.;en
play To Be Still;en
I want to hear a symphony from Kano;en
Play Pacific Ocean Blues by John Doe on Lastfm;en
Play the song Little Robin Redbreast;en
Give me an album from 1972 to listen to.;en
Play songs by Naomi Schemer;en
I want to hear jon sholle's stuff from 2009 on Groove Shark;en
Please play Different Slanguages by Fred Labour.;en
Play music from the track She Came In Through The Bathroom Window;en
play Say A Word by La India;en
I want to listen to Roger Daltrey from the sixties on slacker;en
Play the newest 2016 ep from Boaz Mauda.;en
Play 2004 Guy Sebastian on Itunes;en
Play some movement from 1959 on deezer.;en
play Steven Reineke greatest soundtrack on Youtube;en
I want to listen to seventies music.;en
I want to hear the new Vasilis Tsitsanis ep;en
Play fifties music by Ahmed Abdul Malik;en
Play some Rumba Africana.;en
I want to listen to an album sorted by last, open Google Music and play Paulinho Da Viola.;en
Play Deezer;en
Play the most popular song by espen lind;en
I want to hear music from the Lotus Flower album by Andy Mccoy;en
play music from 1981;en
Play That Stubborn Kinda Fellow by Michael Amott;en
Play a popular sound track by Joe Pass on Itunes.;en
Play the best music by Arthur Johnston.;en
Play my Mellow Beats playlist please;en
Play some music on Netflix;en
Play industrial music.;en
play some Stephen Jones on Youtube;en
I want to hear a 1957 theme song;en
play Abhijeet Bhattacharya from 1986;en
Play chant music by pappu venugopala rao on Slacker.;en
play southern rock tunes;en
Play a 2004 song by eliel on Zvooq.;en
Play music from 1959 by Lenny Leblanc on Pandora.;en
play an album on Netflix by chris castle from 2011;en
Play me a song by Linn Berggren from Spotify;en
give me some Hank Shermann from 1975 on Lastfm;en
Play music from Alison Sudol;en
play Victoria Banks's album;en
Play the album Making Evening And Night by Cevin Key ;en
play eighties track;en
Play some 1959 songs on Iheart;en
Play music year 2016 by artist Michiru Yamane;en
Play Stefon Harris's song.;en
Play me some chant from the last half of the sixties;en
Play the top song by Jack Grisham;en
Play Night Electric Night on Iheart;en
Play a Herbie Fields record from the sixties;en
Play a new tune by louis silvers.;en
I want to hear This Is The Night from Proof;en
Use Google Music to play some songs by Dr John;en
Play music from the album Evolution Of A Man by Joey Ramone;en
Play the best song by Henry Rollins.;en
Play anything  from Hiromitsu Agatsuma off iHeart.;en
Play always by walter parazaider.;en
Open The Second Adventure album by Hans Nilsson;en
play Glenn Yarbrough tunes;en
play songs by Sammy Fain;en
play a 1983 concerto by Ayaka on Itunes;en
Play satire;en
Please play some music for me on Netflix;en
I wish to hear the playlist Estado de ánimo on Last Fm.;en
Play a melody by avery storm.;en
Play music from the artist Joe Sample;en
play my tribute by Billy Cox;en
play Calico Skies by John Feinstein with Netflix;en
Play concerto from 1951;en
Play the playlist introspective;en
Play Deezer;en
play theme by Yanni on Vimeo;en
play Courting The Squall on Slacker;en
Play the last Wellman Braud album relaesd ;en
Play Inventions For The New Season;en
Play the playlist funtime activity ;en
Play some seventies music on netflix.;en
Play the song Le Renouveau;en
Play the sound track by Ferry Corsten;en
Play Humour;en
Play some acapella music on Iheart;en
play Roland Alphonso tunes that are most popular;en
Play something on my Classic Jazz Funk playlist on Zvooq;en
play pandora;en
play chant from the nineties with Last Fm;en
Can you play something off my Kids Workout playlist on Groove Shark;en
Play some theme songs from the fourties;en
Play shadowplay by Dana on Deezer.;en
Start playing my Disney playlist.;en
Play something from my Songs For You, Not Your Parents playlist;en
Play some Glenn Miller.;en
Play me the most popular Lillian Hardin song on Itunes;en
Play a record from 1950.;en
Play some good movement music by Brian Littrell from around 2001;en
play 1960 chant music by Hermann Baumann;en
PLay a track by deeyah khan.;en
Play Water Under The Bridge by Hariprasad Chaurasia.;en
Open Groove Shark and play sound track from Dj Cameo;en
Can you pull up and play something on Itunes;en
I want to hear a full album on youtube by Jem Godfrey;en
Play me a song by Michael Diamond;en
I want to hear the top Tim Madison;en
Play me music from the twenties on Itunes.;en
Please play Every Woman In Me;en
Please play Kabhi Jo Baadal Barse by Ruth Lorenzo;en
Play sound track  music from the twenties;en
Play a ballad from 1997.;en
Play an ep by Uncle Jimmy Thompson;en
Play top-50 Peter Frampton songs;en
Use Vimeo to play a Mark King record from 1993;en
Play breed the killers on Itunes;en
Play music from negerpunk;en
Play me some folklore music;en
Play iheart;en
Play an album from the fourties;en
I want to hear music by Madeleine Peyroux from 1991 on Youtube.;en
Open Netflix and play David Frizzell;en
Play a twenties soundtrack on Youtube;en
play Safe Rock And Roll Sucks on Lastfm;en
Play music from the track My Friend on Google Music by Steve Sholes;en
Play Foundling by Jean Grae on Vimeo.;en
Play Chris Goss on Netflix;en
Play me a twenties tune on Deezer;en
Play music from 2010 by Jason Donovan;en
play my melodious playlist;en
Please play a song by Ahmad Jamal;en
Can you play that last ep from the twenties;en
Play Acid Punk music.;en
play falco on Zvooq for Good Hit;en
play Netflix ballad by Mike Shinoda that is popular;en
Start up my Pachangueo Total playlist. ;en
play a tune from 1962;en
Play track Cabbage by Keiji Haino;en
Play top Martin Solveig on deezer;en
Play Tenerife Sea by Daniel Salomon on Lastfm;en
play Who Do You Think You Are by Magnifico with spotify;en
play newest soundtrack from 2008;en
Play some alternative music on Vimeo;en
Play new Ian Mclagan;en
Play a song from Helena Iren Michaelsen on Spotify;en
play the top twenty tracks of Ron Jarzombek;en
Play the most popular music by Ronald Isley on Google Music;en
Play cheerful playlist;en
I want to listen to Merrily We Roll Along by Marko Desantis.;en
Play music from the artist Irma Pane;en
open Spotify and play a couple of celtic songs;en
Play the album Qr Iii by bobby bare;en
play latest George Ducas music;en
Play some music on Slacker;en
play some popular bryan gregory songs;en
Play a top five Jonny Buckland symphony from around 1989;en
Play the thirties soundtrack by ghader abdollahzadeh on Youtube;en
Play Hættuleg Hljómsveit & Glæpakvendið Stella by Kaori Iida;en
Play Seaside by Don Cherry.;en
Play some Sam Moore.;en
Open youtube;en
Play a Mike Osborne song;en
Play me the greatest Howard Levy song;en
Play a concerto top ten sort by Lloyd.;en
play Zvooq;en
Play music using Last Fm;en
Play Lil Hardin Armstrong from Itunes.;en
on Deezer play fourties tunes by Jona Bechtolt and a ballad;en
play a 1988 soundtrack;en
Play top music from Charles L. Johnson on vimeo ;en
play the last song from the thirties by Airto Moreira;en
Play a track by Ishmon Bracey on Iheart.;en
I want to hear a top-20 chant from the twenties;en
Use Spotify to play Who Was In My Room Last Night?;en
Play fifties music on Deezer;en
Open Lastfm and play a voluntad del cielo from Wax;en
I want to hear a Joel Hastings melody. ;en
play a tune by Syreeta Wright from twenties from the top;en
Play a Ladyhawke record;en
I want to hear some Bill Black chant music;en
Play Tomtegubben Som Hade Snuva;en
Open my music playlist on Youtube;en
Play Turbulence Wild Streetdanz from Jeff Buckley;en
Play a song off Get Up Offa That Thing by Doseone on Last Fm;en
Play a sixties song.;en
I want to hear music from 1975;en
Play some soul music;en
Play a tune by Mc Hawking;en
Play me songs from 1955;en
play good music by General Woo on Deezer;en
play the best Elizaveta Khripounova;en
Play some steve boyett chant music;en
Play music which has humour on Youtube.;en
Play a soundtrack by Mike Hindert on Spotify.;en
play a chant by Mike Jones;en
Play a record from the seventies;en
Play Shinehead's music from the twenties on Slacker.;en
Play Adrian Borland's music on Zvooq.;en
Play music from Lastfm;en
play journey list;en
Play a soundtrack by musical artist Jimmy James;en
I want to hear music on Itunes;en
I want to hear opera on Netflix;en
play Soheila Zaland;en
Play me a Mario Vazquez movement;en
Play The Garden Of Allah  from Wade Mainer;en
play Wow by Jon Theodore;en
Play me the dinner playlist;en
play chant on groove shark from 1996;en
Play the artist Tei last concert on Netflix;en
Use Pandora to play Korean OSTs;en
Play me a song from 1976 by Bennie Moten;en
Play Skin & Bone by Jess Stacy on Deezer;en
Play some music by beverley martyn;en
Play some music on Vimeo.;en
Play some Techno;en
play a concerto that was most popular in 1958 by mickey hart;en
Play the top-ten soundtrack from Kiara.;en
Play me a tune by john clayton;en
Play a Loretta Lynn tune on Groove Shark;en
play Paula Campbell music from 1993;en
Play the top 20 ep from the fifties by John Bundrick.;en
play the album Everybody Happy by Lee Aaron;en
Play a track by Titiyo;en
Play some music on spotify;en
Play good Pure Soul on netflix ;en
Play some music from 1995;en
Play Rap Album One by Gene Vincent.;en
play The Trail Of The Lonesome Pine on Netflix;en
Play the song Jingle Bells;en
play Lastfm tunes from 1997;en
use Spotify to play greatest songs from Kailash Kher;en
I want to listen to nineties chant songs;en
Play a rock track from 1984;en
play a ballad from 2000;en
Play Nick Hexum latest album;en
Play my Trabajo Relax playlist;en
play the album Winner Takes All by Takuro with Last Fm;en
play some 2002 music;en
Can I hear Anna Vissi's new music on Pandora?;en
Use Spotify to play music;en
Play a popular song by Willie Dixon on Groove Shark;en
Play Still Life 1 ;en
play a good John Maher record with Netflix;en
Play music on Itunes;en
I want to hear something from Post-punk Revival;en
Play the top of emil de cou;en
Play a song off Ian Stuart Donaldson's Nature Nurture album on Itunes;en
play paul riley on Youtube;en
Play twenties on Groove Shark;en
Play the album Resurrection In Blood from Sleepy Brown on Itunes.;en
play the top five songs by Isaac Hayes;en
I want to listen to Lastfm, play A Drop Of The Hard Stuff by Joi Chua.;en
use Iheart radio to play eighties music from Hugh Masekela.;en
Let me hear the Rave Tapes album from Yuki Koyanagi.;en
I want to hear the album Suites & Sweets;en
Play music from 1958.;en
play the last Chris Douglas on Slacker;en
Can you play the greatest sarah brightman song;en
Can I hear a song by David Hodges?;en
Play the most popular sort by ep by Brooke Fraser;en
Play the best songs by Jes Brieden;en
Play fifties music;en
play a record from 1982;en
Play the track Siberian Khatru on zvooq;en
Play concerto from the eighties;en
Play Llegando a Casa playlist;en
play Jeff Pilson on Youtube;en
play Slacker tunes by Smog from movement in 2015;en
Play instrumental pop;en
play some eighties by Amirbai Karnataki;en
play fourties chant music on Last Fm;en
Play me a bluegrass song;en
open Itunes and play Kenny Cox most popular concerto;en
I want to hear a top-50 track from Takahito Eguchi on Google Music;en
Play me a fifties song;en
Play Marche Lorraine by Rachael Lampa;en
I want to hear some twenties music from Billy Sheehan;en
Play me a song by Teitur Lassen on Groove Shark;en
play track Her Majesty;en
Play Pease Porridge Hot by Johnny Vicious on Zvooq;en
Play Intense Studying playlist on Itunes.;en
Play music on my Itunes;en
play 1977 good track tunes;en
Play Chad I Ginsburg;en
play Dj Ozma top songs;en
Play the track Pocahontas John Farnham;en
play Long Way To Go by Keita Tachibana;en
Play March Of The Soviet Tankmen from Gloria Gaither;en
play the newest Martin Solveig sound track;en
play 1951 tunes;en
Play some Christian Rock;en
Play Making Out by Alexander Rosenbaum off Google Music.;en
Play some Robbie Merrill.;en
Play music on Spotify.;en
Play a top song by Carson Parks on Groove Shark;en
play a ballad by Bob Johnston;en
Play Revival music.;en
play me music by Whip with Zvooq;en
listen to ballad songs from 1999;en
Play artist stu davis from the album Dub Chamber 3 on Netflix;en
Play some music on Lastfm.;en
Play Donna Summer;en
Play a Paul Davis melody;en
Play music by Paulinho Da Viola from 1965;en
Play Out From Under from Hurricane Chris;en
Play the top track by Claudja Barry on Last Fm;en
play songs from Youtube;en
Can you play an ep from the year 1958?;en
play Seven Steps To Heaven by Wikluh Sky;en
I want to hear something off Fist For Fight by Rushton Moreve on Youtube;en
Please play a song for me from 1959;en
Can you play the newest record from 1966 by Tony Lee;en
Play Tujiko Noriko's Ten Years And Running.;en
can you play some weird music from the noise genre;en
Play my Under The Surface playlist.;en
Can you play me a track from the nineties?;en
Play Burhøns by Ernie C.;en
Play some Instrumental music on the service Lastfm;en
Play Me Against The World from Glukoza;en
Play some seventies music by Janne Puurtinen on Youtube.;en
Play some happy gabber.;en
Play got to be free by Madeleine Peyroux;en
i wanna listen to a the top-twenty track of Denniz Pop in Pandora;en
Play me a nineties ep;en
Play the best music from Klaus Badelt.;en
Open Youtube and play Renaldo Lapuz record from the eighties;en
I want to hear the Live At Slane Castle album by Haifa Wehbe;en
Play music from 2016.;en
play This Is Colour by Panda Bear;en
use Vimeo to play De Camino a Clase playlist;en
Please play some music from the seventies movement;en
Play the most popular Grace Slick song that has a symphony sound;en
Play some Katiejane Garside on Vimeo.;en
Play the top-5 songs from Paddy Reilly on zvooq;en
Play the greatest Nicholaus Arson concerto from around 2000;en
Play movement music by Monk Boudreaux on youtube;en
Play playlist funtime;en
Play music on Spotify.;en
I want to hear Jimmy James from the thirties, play a song on Groove Shark.;en
Play the symphony by Tetsuya Ogawa from 1953;en
play melody and sort the newest in Dj Format;en
I'd like to hear Cry Baby Cry by Ally Kerr.;en
Play a new ballad by Valy on Iheart;en
Play Shoo on iheart from greatest record;en
play Yo Ho from the new york pops on Youtube;en
play a chant by Sonsee;en
Play One Good Reason by Tommy Flanagan on Itunes;en
Play the top-fifty theme songs by Dennis Brown.;en
Play Pura Vida.;en
Play music by Nick La Rocca;en
Play the top-20 best Chicane songs on Deezer;en
Play Spotify;en
Play the Mother Lode by Tamio Okuda;en
Play some amber kuo from the eighties on Spotify.;en
Open the playlist from Sergei Chatschatrjan;en
Play twenties chant from Lagaylia Frazier on Itunes;en
play a twenties song;en
Play The New Retro playlist on Netflix.;en
play music on Netflix;en
Play track Real Talk;en
Play The God That Failed on Vimeo.;en
Play a 2013 song on Groove Shark;en
Play Greg Raposo songs from the thirties;en
Play Ik Hou Van Jou by Elena Temnikova;en
Play Eternally by Marko Desantis on zvooq.;en
Play me a Cinder Block movement;en
Play the song American Patrol by lauryn hill;en
Play the newest melody by Cisco Adler on pandora;en
Use the service Lastfm to play artist keren peles from the most popular symphony;en
Play the latest ballad by September;en
I'm in the mood to listen to meditative music.;en
Play the greatest record by Joe Purdy on Google Music;en
Play a song off The Best Of Siouxsie & The Banshees by Faustino Oramas;en
play David Banner on Netflix;en
Play some music from the fourties.;en
Play music from the seventies;en
Play music from Art Porter Junior movie sound track using Vimeo;en
I want to hear music on my Slacker app;en
Play the last soundtrack from the sixties;en
Play music from jeremy taylor on the album Dormi Amore, La Situazione Non È Buona on Groove Shark;en
Will you play me the most popular sound track from 2006;en
Play some music from 1993 on Itunes.;en
play the top song by Amon Amarth on Groove Shark;en
I'd like to hear Ami Suzuki's latest record;en
Play me a song from the fourties;en
Play a ballad form 2014 by Double on Google Music;en
Can you play some music from 1999;en
I'd like to hear a track by Theo Keating.;en
Play a song from the thirties on Zvooq;en
Play some chant music from 2008.;en
Play A Sudden Rainstorm playlist.;en
Play me a ballad by Dres on groove shark;en
Will you play a ballad from Mahalaxmi Iyer;en
Play breathtaking music;en
play All Of Your Toys by Chris Ledoux;en
I want to hear Ready by Frankenstein Drag Queens From Planet 13;en
Play music from the seventies for me. ;en
Play some Mark Tremonti from the thirties.;en
play Wolves by Larry Gatlin;en
play the Música Da Série De Filmes O Hobbit album by Alex Otaola;en
play Shake Your Head;en
I want to hear something from the nineties by Alissa Musto on Groove Shark;en
Play a concerto from the nineties;en
Play Suite Sudarmoricaine by Afi on itunes;en
Sort eighties ep from the last;en
Please play some fourties music on Spotify;en
I'd like to listen to iheart radio's chill out playlist please.;en
Play the top twenty chant by Wise.;en
Play the playlist, A Mis Niños de 30.;en
Play me Hier Encore by greydon square;en
Can you play me songs from the Estado de ánimo playlist?;en
I want to hear music off my Indie Festival playlist;en
Please play me something by New Wave Of American Heavy Metal;en
Play me a song from Movies For The Blind on Pandora;en
play Deezer tunes Are & Be;en
play the most popular album on Google Music by sasu ripatti;en
play some Industrial music on Lastfm;en
Play a popular ballad by Amanda;en
play any sixties song;en
Play a song by Juanes on Last Fm;en
I want to hear Steven Harwell from the thirties;en
Play me a song from Voices & Images;en
I wish to listen to good symphony music by mi lu bing.;en
Play something by Daisy Voisin on google music;en
Play the top five songs from Robert Lockwood Junior.;en
Play some 1970 Antero Manninen on zvooq.;en
Play some music by Jody Williams from 2001;en
Play These Four Walls by Yummy Bingham.;en
play some Deezer oldies music;en
Play some seventies track from top Rie Tomosaka;en
Play some melody from the eighties on Spotify;en
Play the newest chant by John Doyle on Zvooq;en
Play music from Lastfm.;en
play Fill Yourself With Music by Ray Manzarek;en
I want to hear a soundtrack by dj ozma from the sixties.;en
Play music from Paul Landers;en
Open Youtube and play Iron Mountain Depot from John Lomax;en
Play a track from 1959.;en
Play me the most popular Peja song on Slacker;en
play something from the twenties;en
Open google music and play Women of Jazz playlist;en
I want to hear some theme music by Edsel Dope;en
Play Eddie Meduza from the thirties;en
have Zvooq play songs from the fifties;en
Play me the track Mama Liked The Roses;en
use netflix to play Bizzy Bone Kiss Me Goodnight, Sergeant Major;en
Play a sound track by Pee Wee Russell on Zvooq.;en
Play music from 2007.;en
I want to hear that track from 1991;en
Play my Trapeo playlist.;en
Play playlist Chilled R&B;en
Use the service Itunes to play melody from 1998;en
Play easy listening;en
play music by Vybz Kartel;en
I want to hear Nokko's songs from the twenties;en
Play Shaina Magdayao's music on Iheart;en
I want to the latest ballad from Ira Losco;en
Play some art punk.;en
Can I listen to Dj Vibe's top 10?;en
play Matt Walker tunes;en
Use Groove Shark to play the Today And Tomorrow album;en
Play thirties on Lastfm;en
play a track by Mila Islam from Deezer;en
play music by Rodney Whitaker;en
Play a theme from Walerij Leontjew;en
Play a 1969 ballad by beth nielsen chapman, new first.;en
something on Spotify please;en
I need to hear the new Kevin Fowler album;en
Play Magic Time by Phoebus;en
Play Elliot Easton's album Beautiful;en
play something from 1981;en
play them by Guy-manuel De Homem-christo;en
play melody music from the thirties;en
Open Vimeo and play Lee Mellor good songs;en
Use Deezer to play music;en
Play me a tune by Mick Brown;en
Play 2004 on pandora;en
Play some sister rosetta tharpe songs from the eighties;en
Play that new song from 1970;en
Play fifties music on Slacker.;en
Can you play me the latest theme song by Warren Vache;en
I want to listen to my Spain Top 50 playlist on groove shark;en
open Deezer and search for Scott Miller and play some of his new songs;en
Use Itunes to play a soundtrack from the year 1954;en
play Fey's album Diamond Head on Zvooq;en
Play bebob on Iheart;en
Play me the greatest chant by Laurel Aitken on lastfm ;en
Play Oliver Cheatham's symphony from the thirties.;en
play something from the twenties on Lastfm;en
Play Dave Wyndorf album;en
Can I hear the latest music from Bahar Kizil?;en
Play me a sound track by Bert Mccracken on zvooq;en
Play Shinji Miyazaki's music on netflix;en
play a good 1952 symphony;en
Play music from 1968 on Vimeo.;en
play some grunge;en
Play the top melody from artist Maakii;en
Play some music using slacker;en
Play Paul Landers, O Rio, A Cidade, A Árvore on slacker;en
play anything from 1970;en
Play some Avantgarde music on Netflix.;en
Play music by Damien Rice;en
I want to play music off Deezer;en
Play some Erin Harkes from the fifties on Lastfm.;en
Play some latin music.;en
Play top-five concerto music from 1992;en
play songs by Gamble Rogers;en
play top tunes by Joseph Utsler;en
Play the 1991 soundtrack from Ian Mcdonald;en
I want to hear a track by Ryohei Yamamoto on Vimeo;en
play a seventies ballad by Annunzio Paolo Mantovani on Groove Shark;en
Play Julie Driscoll;en
Play the song I Get Ideas as performed by Richard Kruspe;en
I want to hear a good album from Toni Cottura.;en
Play track Ai Se Eu Te Pego on google music from artist Maestro;en
Play Russell Morris's The Singer And The Song on Netflix.;en
play caitlin cary from the fourties;en
Play music by Young Steff;en
Play some twenties theme music on Google Music.;en
Play Oj, Jelena, Jelena, Jabuka Zelena by Ler Lalonde.;en
Play music from 1999;en
Please anything good by Chieko Ochi;en
Play some twenties chant music on Slacker;en
I want to listen to a popular melody by David Bazan;en
Play Fight On, State.;en
I'd like to listen to Diana Vickers best tune from the twenties;en
Play a tune or two from Kansas City, Missouri;en
Play symphony music from Joe Dolce;en
play the top jazz record from 1951;en
play Solange 2016 album ;en
I want to hear Box Of Rain by Skeets Mcdonald;en
Play a chant from the fifties;en
Play me a song by Carol Arnauld from 2003;en
play the last 1957 movement;en
Play a sixties song by Classified;en
Play Furusato on Google Music.;en
Can you pull up a track on Zvooq by Graham Mcpherson;en
play an Masaki Aiba tune;en
I need to hear a thirties soundtrack;en
Plays some akb48 on Youtube;en
play fourties tunes by Bryan Webb on Groove Shark;en
play some twenties movement tunes from the last Olga Souza;en
Play me a concerto by Jethro Burns from Zvooq;en
Play any song from Rebecca Hewitt;en
Start up my nostalgic playlist. ;en
Play theme music from the twenties by Tata Young;en
Listen to Power Gaming playlist;en
Play Post Garage Wave Revival playlist.;en
Play Step Up Your Game by Marc Cohn.;en
Play ballad from Mandy Moore;en
Play music from 1954;en
Please play songs by Lil Jon;en
Play A Chaos Of Desire from Dan Snaith;en
play satire music;en
play me a Mel Draisey tune from the fourties with vimeo ;en
Play the top movement music from 1997.;en
Play the best 1981 sound track from Ric Fierabracci;en
Open Pandora and play Reggaeton 2017 y Baila!;en
Please play good music by Will Oldham.;en
Play any track by Flame;en
Can you play a melody from the fifties on Last Fm?;en
Play music from the top-5 from artist Kenia Arias;en
Play the Late Night Jazz soundtrack on Zvooq.;en
Play Stereo by Jonathan Davis on Deezer.;en
play the last Niney The Observer song;en
Play something off Google Music;en
play I Could Write A Book;en
Play a Martyn Bennett from 1957 on Pandora;en
play Iheart tunes by Neil Finn;en
play Realization by Randy Jackson;en
play a popular sort of fifties tune music;en
Let's listen to the most popular Marty Friedman songs on Zvooq.;en
Play the latest ep from Lobby Loyde on Netflix;en
Play a top-ten chant by Kelly Groucutt from 1964;en
Play music on youtube;en
Can you play a Sammy Fain ep;en
Play music on Iheart;en
play a Samira Said ballad from the nineties;en
Play some sixties on netflix;en
PLay some fourties music from Erin Harkes;en
I want to hear that tune from 2010;en
Play Entre Raices Y Antenas by Lynn & Wade Llp.;en
I want to listen to some Saori Atsumi from the twenties on Deezer;en
Play the tune by Adam Yauch;en
Please play some Bill Evans music.;en
Play music by Paul Mccartney;en
Play sixties on Spotify;en
play fourties tunes;en
Play new melody by Kenji Ito on Itunes.;en
Please play Short And Sweet by Teyana Taylor from my itunes.;en
play Monie Love tunes on Google Music from 1984 from her song list;en
open Fadl Shaker on Spotify and play a melody starting with the newest;en
Play the best Sebastian Karlsson melody on Youtube;en
play some fifties tunes by Mike Mccready;en
Play me something from the thirties by Candi Staton on Vimeo;en
Play Rocket Queen on Itunes;en
Play some Mf Doom from the sixties on pandora.;en
Play Dancing Through Life by Ronald Isley on spotify;en
play the album Wayning Moments by Rabbit Brown;en
I want to hear something by Joe Dolce on Google Music;en
play laura love songs from 1959;en
Use the service Lastfm to play music by the artist ai kago;en
Play Johnny Gimble;en
Please play me a popular track from 1984.;en
Play Kim Wilde by Mike Scott on Slacker;en
Play some music from 1985 by Rolf Harris;en
Play Maggot Brain by Albano Carrisi;en
Play a top symphony sort form 1959 by Stuart Garrard.;en
I want to listen to Swing music on Iheart;en
Play Divine from Vinnie Roslin;en
Play music on Groove Shark.;en
Play Crossroad Blues.;en
Play a melody by Colin Blunstone;en
play Clifford Brown All Stars by Michael Balzary;en
play music by Charlie Adams from 1954;en
Let's play the album Handover on Deezer;en
Please play a song from the thirties by Peter Murphy on Last Fm;en
play Top 100 Indie Tracks on Spotify on Lastfm;en
Play Arif music from the fourties.;en
play Yusef Lateef songs from the fifties;en
Play something by grandmaster flash & the furious five on youtube;en
Play some music by Mark Heard.;en
play Tom Jones album from the twenties;en
play music using Groove Shark;en
Can I listen to merengue style music?;en
play 1988 chant music on Itunes;en
Play some Antony Harding songs from the eighties;en
I want to hear Somi's songs from the twenties;en
Play music on Itunes.;en
play 1970 trunes;en
play Sunshine Reggae on youtube;en
I would like to hear a song by Tim Reynolds;en
Play drum & bass music;en
Play some good music from 2012.;en
I want to hear a top ten soundtrack from 1984 by Shinehead;en
play Joshua Homme Belle And Sebastian Write About Love;en
Let me use netflix to listen to the last soundtrack from Out Of Eden.;en
Play movement by Duane Allman.;en
play songs on Itunes;en
play the 2014 album from la lupe;en
Can you play music from 2003 on Netflix;en
Can you play me some eighties music by Adele;en
Can i use Lastfm to listen to Twilight Time by Dj Khalil?;en
Play music in the genre soundtrack;en
Play all music Alan released in 1997;en
Play the last Jonny Wickersham song;en
Play some nineties Eliza Carthy;en
play a Karin Dreijer Andersson soundtrack on Groove Shark;en
play Jawad Ahmad;en
Play the album Have Another Ball;en
Please play me some Satire music;en
play some sad songs from the fifties;en
Can you play me some Pop-folk music;en
Play 2003 Ben Burnley on Spotify;en
Play a Paolo Gregoletto song;en
Play The Cross And The Crucible by Angela Au Man Sze on Google Music;en
Play music off Youtube.;en
I wish to listen to some fifties music.;en
Find Mahalakshmi Iyer music on Netflix;en
Play music from the playlist Late Night Jazz;en
Can you play an ep by Tatjana Iwanowna Bulanowa;en
Play the album Killer Instinkt;en
play Takes Place In Your Work Space by Eddie Kendricks;en
Play the most popular song from Chae Yeon off of Spotify;en
play The Song Remains The Same with Pandora;en
Play chant music by Big Dee Irwin.;en
Use the service Zvooq to play top-10 by artist Coolio;en
play the greatest Adrian Kowanek music;en
play Barry Manilow from the twenties;en
Play Yuauea by Rick Ross;en
I need to hear some r&b music off of iheart;en
Please play music off the soundtrack by Beau Jocque;en
Play a twenties concerto from Roger Taylor on deezer;en
Play a concerto by Thekra.;en
Use Deezer to play music by Kimberley Walsh;en
Can you play some Andrew Cash music on Slacker;en
play the song Si No Te Hubiera Conocido by Haidar Salim;en
Play Masashi Hamauzu's newest symphony on Itunes.;en
play a movement from top-20 1983 by Baruch Chait;en
Play 1958 by wayne petti;en
Please play me a top nineties theme song;en
I want to hear the Fear The Boom And Bust song from haruka shimotsuki off of Spotify;en
play songs from the sixties;en
Use the service Zvooq to play merengue music;en
Find a top fifty zahir howaida concerto from the seventies;en
Let me hear the top album by the artist, Skin.;en
Play my Masters of Metal playlist on Spotify;en
I'd like to hear music from 1951, preferably a soundtrack.;en
Play the theme music from 1963 by Yuki Koyanagi;en
Play El Cant Dels Ocells by vini lopez.;en
play Moustapha Amar Make It Rain;en
Play me a song from 2008;en
Play music on Last Fm;en
play symphony music from the fourties with google music;en
play a tune from 2000 by Bronislau Kaper;en
play Itunes album mondovisione;en
Play Is This My World? by Leo Arnaud;en
Play Tina Cousins from 1956;en
Open Groove Shark and play native us;en
Play a native us song on Last Fm;en
Play some sixties music by gaudi on last fm;en
Play Elysium from Ryan Cayabyab;en
Play music off Itunes.;en
play steve harris False Gestures For A Devious Public album;en
Play Dj Subroc on Itunes;en
Please play Jim Martin on Vimeo.;en
Play Chantal Kreviazuk, Sister Ray;en
Play 1958 music on Iheart;en
Play the best Bruce Ruffin music on Youtube.;en
Sort to the last song on playlist from 1983 a chant by Mark Oliver Everett;en
Play a tune by Layne Staley;en
Play music on Deezer.;en
Play the top-five ballad sort from 2004;en
Play a top fifty track from the twenties;en
Play ballad music by Jeff Lynne.;en
play ray davies on Iheart by only Hit It Again;en
Play a top-five song by Pete Candoli.;en
Play something by Chris Knight;en
Play an Andy Silvester sound track from the thirties on Spotify;en
play a sound track by Tom Thacker;en
Play some jpop on Google Music.;en
Play a top symphony from the fourties;en
Play my 70s Smash Hits playlist.;en
play songs by Queen;en
play a symphony that is good from 2000;en
play Spotify;en
Play music from the eighties on Slacker.;en
Play music from 2012 on google music;en
play the top-twenty margaret becker songs with google music;en
Play some fourties music on Zvooq;en
Play the greatest melody from Paul Wright on Pandora;en
Play fourties music on Pandora.;en
Play Dansevise by Ebi on Groove Shark.;en
Play Strength of Street Knowledge on Groove Shark;en
Play the top-5 sort of ballad music from 2012.;en
Play Vic Ruggiero music from 2007;en
Play my New Indie Mix on Google Music.;en
Play the top chant music from 2014.;en
Play sixties theme music;en
play My Back Pages by Paul Young on vimeo ;en
play pandora tracks by Akhtar Sadmani;en
Please play the newest music by Evil Jared Hasselhoff;en
Play some gothic rock.;en
play music form the fourties with Slacker;en
Play the most popular music from Nat Stuckey on Itunes.;en
Open Itunes and play Bad Attitude;en
Play Murder The Mountains by Mana on Netflix;en
Play some thirties music on Netflix.;en
Play some music from the sixties;en
Play Robin Hood Rescuing Three Squires by Bhupinder Singh;en
play Lastfm by Steampunk;en
Play Shinya Yamada music from 1962 on Groove Shark ;en
Play a nineties tune by Sugar Minott on Netflix;en
Play Saturday Nights & Sunday Mornings;en
Play fifties from Sirusho Harutyunyan;en
Let's hear some tunes from the thirties.;en
Play music from the sixties;en
I want to hear some freestyle music.;en
Play my Frescura Indie playlist ;en
Play a symphony from the thirties.;en
Use Itunes to play artist Ringo Shiina track In Heaven;en
Play a movement fromthe eighties by Nobuo Uematsu.;en
Play Kaori Mochida's most popular music on Google Music.;en
Play top 20 from frank farian;en
Play some new age music;en
play Mohammed Abdu from top 20;en
Use service Vimeo to play music from the artist Mick track Now We Are 5;en
Play the greatest music by Phoebe Snow;en
Play any chant from 1973;en
I want to hear a fourties ballad by Luciano;en
Play music on Lastfm;en
Use Deezer to play the last song from Lee Dorrian;en
Play Rei Momo newest album;en
Play fourties soundtrack from Hamish Maccunn;en
Play some Geir Jenssen.;en
Will you play my Nuestros 80 playlist;en
Play The View From The Afternoon by Malese Jow on Last Fm;en
Play some Rui Da Silva.;en
Plan an album by Roni Duani.;en
Please play an album from 1987;en
Play eighties music by Kaira Kwong on Google Music;en
Play some bass music.;en
Play some music by Karl Blau.;en
play a Keith Richards album;en
Play the song Drifting On A Reed by Bobby G;en
play Slacker tunes;en
Play Junun by Noam Kaniel.;en
Play symphony by Josh Gracin on Slacker.;en
Play Rob Mills album The Golden Archipelago.;en
Play some seventies music on Netflix.;en
Play some Glenn Stetson music on Spotify;en
Play some fun-punk;en
Play a melody by Hagigat Rzayeva;en
Play Giovanni Battista Guadagnini's 1982 tracks.;en
Use pandora to play music from stano in the year 2005;en
Make and play a new playlis with the theme songs released in 1968;en
Play Taiwan Is Good by Kotoko.;en
Play music from artist Ashley;en
Play the Busco Un Pueblo album;en
Play a song by Alasdair Roberts from 1996;en
Play chant from Freddy Fender on iheart;en
Play some symphonic rock.;en
Play music from 1977;en
Use Google Music to play a song;en
Open iheart and play Té Para Tres;en
Play the album, Dance Hall At Louse Point.;en
Play some David Mallett on last fm;en
Play Who Knows Where The Time Goes? by Grigory Leps;en
Play music by Ian Haugland;en
play Vimeo 2009 by Desmond Dekker;en
Play the music of melody of 1997 in Itunes;en
play playlist The Realest Down South;en
I'd like to hear some trip-hop;en
Play blues on Vimeo;en
Play Spotify;en
I want to hear a nineties track by stat quo on Deezer;en
Start playing something off Spotify;en
Play some Maynard James Keenan songs from Scenes From The Big Chair;en
Play my funtime playlist on lastfm .;en
Play Punk Essentials on google music;en
play the latest Thelma Aoyama;en
Play That Stubborn Kinda Fellow by Michael Amott;en
play the album How Insensitive;en
Play Midnight Special;en
Play me Gil Parris's A Cup Of Coffee, A Sandwich And You;en
Play Odessa by Maartin Allcock.;en
Play an Asha Bhosle song from around 1964;en
Play Sense Tu from Ebi Hamedi;en
Play dhafer youssef top-twenty on netflix;en
Play the album Will Rap Over Hard Rock For Food;en
turn on Last Fm;en
Play me a 2003 song by Charles Neidich;en
Play some Psychedelic Rock.;en
Play some Oleg Anofriyev from 1960.;en
play Signe Anderson chant music that is newest;en
Play 1958 music;en
play Isaac Hayes on Pandora from love, sweat and beer ep;en
Play the playlist Feel Good Dinner.;en
Play the music genre Synthpop;en
Play twenties from Ken Floyd;en
Play shining down by Tsukiko Amano on pandora.;en
play some Mike Porcaro;en
Play melody music from the fourties.;en
play an eighties track ;en
listen to tei movement from most popular eighties music;en
I want to listen to a concerto from Timour Moutsouraev.;en
Play some Hong Junyang.;en
Play music on Netflix by Don Kikas;en
Play a movement from 1974.;en
Play Always Pop Punk.;en
Play the latest ep by Joel Hastings on Itunes.;en
Play music by Antonella Barba from the album Bath;en
I want to hear music from carman from the 1966 album;en
Play ballad music from 1958;en
I want to hear some music from Groove Shark;en
Play some songs from the fifties;en
play some dance on Groove Shark;en
Play some chant from 1974;en
Play some contemporary christian on Groove Shark.;en
Lets hear some booty bass;en
play Morning Song;en
play music on netflix;en
Play the music of Filipp Bedrossowitsch Kirkorow's theme;en
I want to hear some songs from the twenties;en
Can you play me something from the eighties on Youtube;en
play a song by Fats Waller;en
play some Annie Herring beat street on itunes;en
Play Change Has Come on Google Music.;en
Play the top fifty record from Alan Jardine;en
Play top Rosanne Cash;en
Play Andy Williams Sings Rodgers And Hammerstein by elica todorova;en
Play me something by Funtwo;en
Play the top Maynard James Keenan.;en
I want to hear a good song from 2016;en
Play some Rachel Stevens off of Itunes;en
play some gotye;en
play something from 1971 by John Bonham;en
